no	file_name	memos
1	2018-07-23_07-26-43_000.jpg	:m 食べた物
2	2018-07-23_10-06-08_000.jpg	:m 食べた物
3	2018-07-23_10-07-16_000.jpg	:m 食べた物
4	2018-07-23_11-01-49_000.jpg	
5	2018-07-23_11-31-15_000.jpg	UNKNOWN
6	2018-07-23_12-17-35_000.jpg	:m 食べた物
7	2018-07-23_12-50-20_000.jpg	:m music / log / XXX / 
8	2018-07-23_12-55-25_000.jpg	:bookmemo / 読んだ本 / 『』 / 著者=XXX
9	2018-07-23_13-12-57_000.png	:m 読みたい本 / 『』 / 著者=XXX
10	2018-07-23_13-23-31_000.png	UNKNOWN
11	2018-07-23_13-23-58_000.jpg	
12	2018-07-23_13-24-55_000.jpg	:bookmemo / 読んだ本 / 『』 / 著者=XXX
13	2018-07-23_13-32-26_000.png	
14	2018-07-23_14-50-29_000.jpg	:m music / log / XXX / 
15	2018-07-23_14-52-41_000.jpg	
16	2018-07-23_15-01-07_000.jpg	:m 食べた物　間食 / ヨーグルト / += 
17	2018-07-23_18-51-02_000.jpg	
18	2018-07-23_18-51-54_000.jpg	
19	2018-07-23_20-34-18_000.jpg	
20	2018-07-23_20-37-23_000.png	
21	2018-07-23_21-08-12_000.jpg	
22	2018-07-24_02-36-44_000.png	:m 読みたい本 / 『』 / 著者=XXX
23	2018-07-24_02-36-45_000.png	:m 読みたい本 / 『』 / 著者=XXX
24	2018-07-24_05-14-26_000.jpg	:m 食べた物　間食 / 砂糖菓子or乾物菓子
25	2018-07-24_05-15-13_000.jpg	
26	2018-07-24_05-56-38_000.png	UNKNOWN
27	2018-07-24_20-55-20_000.jpg	
28	2018-07-25_16-28-55_000.jpg	
29	2018-07-25_17-06-59_000.jpg	:m 食べた物　間食 / ヨーグルト / += 
30	2018-07-25_18-44-26_000.jpg	:m music / log / XXX / 
31	2018-07-25_20-17-11_000.jpg	:m 食べた物
32	2018-07-26_21-01-27_000.jpg	
33	2018-07-27_00-19-16_000.png	:m 読みたい本 / 『』 / 著者=XXX
34	2018-07-27_05-11-19_000.jpg	:m 食べた物　間食 / ヨーグルト / += 
35	2018-07-27_06-57-47_000.jpg	
36	2018-07-27_06-58-03_000.jpg	
37	2018-07-27_06-58-10_000.jpg	
38	2018-07-27_06-58-16_000.jpg	
39	2018-07-27_06-58-18_000.jpg	UNKNOWN
40	2018-07-27_06-58-27_000.jpg	UNKNOWN
41	2018-07-27_06-58-30_000.jpg	
42	2018-07-27_06-58-33_000.jpg	
43	2018-07-27_06-59-17_000.jpg	
44	2018-07-27_06-59-26_000.jpg	
45	2018-07-27_06-59-31_000.jpg	UNKNOWN
46	2018-07-27_09-55-51_000.jpg	
47	2018-07-27_09-56-03_000.jpg	
48	2018-07-27_20-50-07_000.jpg	:m 食べた物
49	2018-07-27_21-59-17_000.jpg	:bookmemo / 読んだ本 / 『』 / 著者=XXX
50	2018-07-27_21-59-28_000.jpg	:bookmemo / 読んだ本 / 『』 / 著者=XXX
51	2018-07-27_22-37-58_000.jpg	
52	2018-07-27_22-38-14_000.jpg	
53	2018-07-28_07-09-59_000.jpg	:m 食べた物　間食 / 砂糖菓子or乾物菓子
54	2018-07-28_07-10-06_000.jpg	:m 食べた物　間食 / ヨーグルト / += 
55	2018-07-28_08-08-06_000.jpg	:bookmemo / 読んだ本 / 『』 / 著者=XXX
